姓名,学号,邮箱,志愿1,志愿2,推荐人
张伟,2023010101,2023010101@smbu.edu.cn,技术部,策划部,李娜
李娜,2023010102,2023010102@smbu.edu.cn,策划部,宣传部,
王芳,2023010103,2023010103@smbu.edu.cn,宣传部,技术部,张伟
刘洋,2023010104,2023010104@smbu.edu.cn,技术部,,张伟
陈静,2023010105,2023010105@smbu.edu.cn,外联部,秘书处,
杨帆,2023010106,2023010106@SMBU.edu.cn,技术部,外联部,
赵敏,2023010107,2023010107@smbu.edu.cn,秘书处,,
黄磊,2023010108,2023010108@smbu.edu.cn,策划部,技术部,李娜
周涛,2023010109,2023010109@smbu.edu.cn,宣传部,,
吴桐,2023010110,2023010110@smbu.edu.cn,技术部,秘书处,王芳
徐晶,20230101AB,20230101AB@smbu.edu.cn,外联部,,
孙浩,2023010112,2023010113@smbu.edu.cn,策划部,,
马丽,2023010113,2023010113@gmail.com,技术部,宣传部,
朱琳,2023010114,,宣传部,,陈静
胡军,,2023010115@smbu.edu.cn,秘书处,外联部,
郭强,2023010116,2023010116@smbu.edu.cn,技术部,,李娜
郭强,2023010116,2023010116@smbu.edu.cn,技术部,,李娜
何蕾,2023010116,2023010116@smbu.edu.cn,宣传部,技术部,
高翔,2023010117,2023010117@smbu.edu.cn,外联部,,
林悦,2023010118,2023010118@smbu.edu.cn,策划部,宣传部,
罗宇,2023010119,2023010119@smbu.edu.cn,宣传部,秘书处,
郑爽,2023010120,2023010120@smbu.edu.cn,技术部,策划部,
梁宇,2023010121,2023010121@smbu.edu.cn,秘书处,,王芳
谢娜,2023010122,2023010122@smbu.edu.cn,策划部,,李娜
唐宁,2023010123,2023010123@smbu.edu.cn,外联部,技术部,张伟
韩雪,2023010124,2023010124@smbu.edu.cn,宣传部,,
曹阳,2023010125,2023010125@smbu.edu.cn,技术部,外联部,陈静
邓超,2023010126,2023010126@smbu.edu.cn,,宣传部,
彭静,2023010127,2023010127@smbu.edu.cn,秘书处,技术部,
曾豪,2023010128,2023010128@smbu.edu.cn,策划部,,
萧然,2023010129,   ,技术部,,
田甜,2023010130,2023010130@smbu.edu.cn,宣传部,策划部,李娜
,2023010131,2023010131@smbu.edu.cn,外联部,秘书处,
董明,2023010132,2023010132@smbu.edu.cn,技术部,,
潘婷,2023010133,2023010133@smbu.edu.cn,策划部,外联部,
蒋磊,2023010134,2023010134@smbu.edu.cn,宣传部,,
于洋,2023010135,2023010135@smbu.edu.cn ,秘书处,,
苏航," 2023010136 ","2023010136@smbu.edu.cn",技术部,宣传部,
崔健,2023010137,2023010137@smbu.edu.cn,外联部,,
范琳,2023010138,2023010138@smbu.edu.cn,策划部,技术部,张伟
汪峰,2023010139,2023010139@smbu.edu.cn,宣传部,,
张伟,2023010101,2023010101@smbu.edu.cn,技术部,策划部,李娜
王芳,2023010103,2023010103@smbu.edu.cn,外联部,,张三
